first_name,last_name,company_name,address,city,state,post,phone1,phone2,email,web
Tashia,Charney,Gallagher, Owen Esq,9 13th Ave S,QLD,QLD,4128,07-7659-5711,0450-769-383,tashia.charney@charney.net.au
Dorian,Eischens,Thomas Somerville Co,1 Rock Island Rd #8,Bell,NSW,2786,02-7739-6600,0428-946-162,deischens@gmail.com,http://www.thomassomervilleco.com.au
Jesus,Merkt,Unr Rohn,1554 Bracken Crk,Licola,VIC,3858,03-9341-9757,0492-739-675,jesus_merkt@merkt.net.au,http://www.unrrohn.com.au
Brandee,Svoboda,Cath Lea For Relig & Cvl Rgts,7 10th St W,Walyormouring,WA,6460,08-3614-5966,0419-644-936,brandee_svoboda@svoboda.net.au,http://www.cathleaforreligcvlrgts.com.au
Edda,Mcquaide,Eagles Nest,9 Cron Hill Dr,Boronia,VIC,3155,03-1465-8645,0416-330-811,emcquaide@yahoo.com,http://www.eaglesnest.com.au
Felix,Bumby,Epsilon Products Company,82 Tremont St #4,Baddaginnie,VIC,3670,03-1431-3996,0485-718-212,felix.bumby@bumby.com.au,http://www.epsilonproductscompany.com.au
Ben,Kellman,Anderson, Julie A Esq,30024 Whipple Ave Nw,NSW,NSW,2159,02-7968-9243,0441-733-809,ben_kellman@kellman.net.au
Mickie,Upton,Oakey & Oakey Abstrct Burnett,900 W Wood St,Barmaryee,QLD,4703,07-7647-5420,0499-576-666,mickie.upton@yahoo.com,http://www.oakeyoakeyabstrctburnett.com.au
Phung,Krome,Pacific Scientific Co,847 Norristown Rd,Longford,TAS,7301,03-9617-5392,0417-815-258,pkrome@yahoo.com,http://www.pacificscientificco.com.au
Lashonda,Langanke,Krausert, Diane D Esq,667 S Highland Dr #4,VIC,VIC,3465,03-9838-7533,0491-793-730,lashonda@langanke.net.au
Patria,Popa,Blaney Sheet Metal,21 W 2nd St,Killabakh,NSW,2429,02-6522-3993,0493-319-728,patria.popa@gmail.com,http://www.blaneysheetmetal.com.au
Nidia,Horr,Goodknight, David R,2 W Henrietta Rd #6,QLD,QLD,4816,07-8441-8214,0437-170-488,nidia@gmail.com
Skye,Culcasi,Sullivan & Associates Ltd,82655 Shawnee Mission Pky #5798,Barnawartha,VIC,3688,03-9075-3104,0451-601-420,skye_culcasi@hotmail.com,http://www.sullivanassociatesltd.com.au
Kanisha,Reyelts,American Board Of Surgery,9 Taylor Ave,Holwell,TAS,7275,03-2921-8418,0423-358-965,kreyelts@yahoo.com,http://www.americanboardofsurgery.com.au
Hector,Barras,Vernon Manor Hotel,62 J St #450,Combienbar,VIC,3889,03-3017-8394,0438-431-666,hector.barras@barras.com.au,http://www.vernonmanorhotel.com.au
Stefan,Mongolo,Keith Altizer & Company Pa,2 Pennington St,Port Adelaide,SA,5015,08-4563-6214,0495-777-435,stefan_mongolo@mongolo.net.au,http://www.keithaltizercompanypa.com.au
Francoise,Byon,H P Stran & Co,5496 Ne Columbia Blvd,Klemzig,SA,5087,08-3914-9404,0430-357-187,francoise@hotmail.com,http://www.hpstranco.com.au
Lindy,Vandermeer,Southern National Bank S Car,4244 Lucas Creek Rd,Emu Park,QLD,4710,07-9407-9202,0417-325-352,lindy@vandermeer.com.au,http://www.southernnationalbankscar.com.au
Arthur,Diniz,American Western Mortgage,79819 Palmetto Ave,Travancore,VIC,3032,03-2517-3453,0429-206-122,arthur@gmail.com,http://www.americanwesternmortgage.com.au
Nicholle,Hulme,Oxner Vallerie,7 N Glenn Rd,Whetstone,QLD,4387,07-7144-4719,0476-915-729,nicholle_hulme@hulme.com.au,http://www.oxnervallerie.com.au
Tijuana,Mesch,Rochelle Cold Storage,61 Center St #8,Corella,QLD,4570,07-1415-9307,0444-393-673,tijuana_mesch@gmail.com,http://www.rochellecoldstorage.com.au
Lorenza,Schoenleber,Mail Boxes Etc,562 Nw Cornell Rd,Humpty Doo,NT,836,08-8081-7779,0445-830-408,lorenza.schoenleber@schoenleber.com.au,http://www.mailboxesetc.com.au
Iola,Baird,Xandex Inc,48 General George Patton Dr #8611,Goode Beach,WA,6330,08-2325-5905,0482-635-206,ibaird@baird.net.au,http://www.xandexinc.com.au
Sang,Weigner,Hander, Deborah G Esq,9 W Passaic St,VIC,VIC,3081,03-8912-5755,0419-565-485,sweigner@gmail.com
Leonor,Prez,Vinco Furniture Inc,968 Delaware Ave,Waterloo,NSW,2017,02-7463-8776,0466-155-348,lprez@prez.com.au,http://www.vincofurnitureinc.com.au
Silvana,Whelpley,Stamp House,548 Charmonie Ln,Minyip,VIC,3392,03-5175-6193,0489-343-254,swhelpley@yahoo.com,http://www.stamphouse.com.au
Anthony,Stever,Burton & Davis,91114 Grand Ave,Hunchy,QLD,4555,07-7092-8542,0495-801-419,anthony.stever@hotmail.com,http://www.burtondavis.com.au
Wenona,Carmel,Maier, Kristine M,44 Bush St,NSW,,1220,02-2832-1545,0439-849-209,wenona@gmail.com
Isadora,Yurick,J M Edmunds Co Inc,6 Mahler Rd,Pacific Paradise,QLD,4564,07-9595-6042,0412-855-847,iyurick@hotmail.com,http://www.jmedmundscoinc.com.au
